title,description,image_url,author,edition,book_format,ean13,isbn,publish_date,collection,page_nb,dimensions,weight,lang
"I, Fables, contes et nouvelles - Œuvres complètes",Poèmes : Adonis - Clymène - Poème de la captivité de Saint Malc - Poème du Quinquina - Le Songe de Vaux - Les Amours de Psyché et de Cupidon. Théâtre : L'Eunuque - Les Rieurs du Beau-Richard - Daphné - Galatée - Astrée - Achille. Œuvres diverses,https://ec56229aec51f1baff1d-185c3068e22352c56024573e929788ff.ssl.cf1.rackcdn.com/attachments/large/6/9/0/001165690.jpg,Jean de La Fontaine,Gallimard,Relié,9782070102976,978-2-07-010297-6,07/2043,Bibliothèque de la Pléiade,1200,18 x 11 x 3 cm,480 g,français
L'Acacia,"En refermant L'Acacia, le lecteur a la sensation d'avoir personnellement chevauché dans les clairières de l'Est en 1940, les yeux brûlés d'insomnie ; d'avoir reçu un balle en 1914 au coin d'un bois, tel un parfait poilu de L’Illustration ; mais aussi d'avoir servi aux Colonies avant 14 ; d'avoir hanté les villes d'eaux de la Belle Époque ; d'avoir ouvert un télégramme avec des sanglots de veuve dans la gorge ; d'avoir visionné des bribes d'""Actualités"" d'avant l'autre guerre, sépia, tressautantes et muettes ; d'avoir remué ces réminiscences dans un claque miteux ; d'avoir senti monter la folie des deux dernières guerres du fond des trains à bestiaux de toute l'Europe ; et de chercher à couler tout cela dans le présent immédiat de l'écriture, devant une branche d'acacia vert cru...",https://ec56229aec51f1baff1d-185c3068e22352c56024573e929788ff.ssl.cf1.rackcdn.com/attachments/large/1/2/7/000472127.jpg,Claude Simon,Les Éditions de Minuit,Broché,9782707318510,978-2-7073-1851-0,2045,Double,392,18 x 11 x 0 cm,273 g,français
Tempête au haras,"Jean-Philippe n'a qu'un rêve : devenir jockey. Né dans le haras tenu par ses parents, le même soir que Belle-Intrigante, il a grandi à ses côtés, et n'est jamais aussi heureux qu'à cheval. Lorsqu'elle met au monde une pouliche, Tempête, il en est certain : elle deviendra un crack ! Le crack qu'attendent ses parents depuis des années et qu'il montera. Mais un soir d'orage vient briser ses espoirs. Tempête, affolée, piétine le dos de Jean-Philippe, qui ne marchera plus. Il devra alors faire de l'impossible une réalité, pour renouer avec son rêve.",https://ec56229aec51f1baff1d-185c3068e22352c56024573e929788ff.ssl.cf1.rackcdn.com/attachments/large/8/6/4/003525864.jpg,Christophe Donner,Rue de Sèvres,Relié,9782369810520,978-2-36981-052-0,11/07/2201,BD JEUNESSE,72,28 x 21 x 1 cm,594 g,français
Freak Island T06,"Les six membres d'un club d'archéologie arrivent sur une île déserte. Mais au lieu d'y trouver des vestiges d'une ancienne civilisation, ils découvrent un monstre à tête de cochon ! Sur cette île oubliée de tous, ils se mettent en mode survivor pour échapper à leur poursuivant dont la tronçonneuse a une fâcheuse tendance à déraper !",https://ec56229aec51f1baff1d-185c3068e22352c56024573e929788ff.ssl.cf1.rackcdn.com/attachments/large/2/5/2/005749252.jpg,Masaya Hokazono,Delcourt,Broché,9782413002826,978-2-413-00282-6,08/02/5201,DEL.SEINEN,160,18 x 13 x 1 cm,150 g,français
Hinomaru Sumo - Tome 14,"Dans la demi-finale du grand tournoi national par équipes, Oseki du lycée Ôdachi affronte Enoki, du lycée Hakurô. Pour ces deux lutteurs qui partagent un même respect pour leur modèle, les capacités techniques, mentales et physiques vont se révéler décisives…",https://ec56229aec51f1baff1d-185c3068e22352c56024573e929788ff.ssl.cf1.rackcdn.com/attachments/large/4/6/9/006070469.jpg,Kawada,Glénat Manga,Broché,9782344029121,978-2-344-02912-1,08/02/5201,Shônen,192,18 x 11 cm,140 g,français
"Akissi, 5 : Akissi","La maman d’Akissi, qui peine à avoir un autre enfant, fait appel au grand marabout du village pour l’aider. Mais ce «gros pou» de sorcier procède d’une manière bien étrange. Il accuse Akissi, la traite de petit diable et la force à boire une affreuse mixture pour la désenvouter… Une potion qui risque bien de la faire basculer dans un monde fantasmé, en quête d’animaux qui parlent, de forêts magiques et de crottes guérisseuses !",https://ec56229aec51f1baff1d-185c3068e22352c56024573e929788ff.ssl.cf1.rackcdn.com/attachments/large/2/4/6/005386246.jpg,Marguerite Abouet,Gallimard Jeunesse,Broché,9782070658886,978-2-07-065888-6,09/07/8207,Bandes dessinées hors collection,48,26 x 20 x 1 cm,390 g,français
Le gardien du feu / message de sagesse des peuples traditionnels,"Depuis maintenant des décennies, Pierre Rabhi mène un incessant combat pour la réhabilitation des cultures traditionnelles ' cultures au sens agricole du terme, comme au sens spirituel. Homme du concret, il s'est révélé également un admirable conteur dans le récit de son parcours hors du commun, Du Sahara aux Cévennes, et dans ses Paroles de terre, véritable roman de l'âme africaine. Avec Le Gardien du feu, on navigue encore dans des eaux frontalières où s'interpénètrent le mythe et l'histoire, les rites traditionnels et les problématiques urgentes d'aujourd'hui. La vie du jeune Ahmed, de son père Moussa le forgeron, de leur famille et de leur village nous est décrite dans une fresque où chaque bruit, chaque odeur apporte sa note singulière. Les contes de sagesse véhiculés par la mémoire populaire s'entrechoquent avec le danger présent de la désertification, avec une culture en perdition, trésor sans prix qu'il appartient aux hommes de sauver.",https://ec56229aec51f1baff1d-185c3068e22352c56024573e929788ff.ssl.cf1.rackcdn.com/attachments/large/7/2/6/006072726.jpg,Pierre Rabhi,Albin Michel,,9782226138385,978-2-226-13838-5,09/07/8222,A.M. ESP.LIBRE,184,18 x 11 x 0 cm,211 g,français
Tu Sanctifieras Le Jour Du Repos,"Le Shabbat est au cœur de la vie juive et il en est la spécificité. Commandement du Décalogue, cette célébration hebdomadaire affirme le dogme de la Création du monde et de la délivrance de l’esclavage en Égypte. Par là même, il constitue une butée à la domination du maître et un appel à la liberté. C’est ce que montre le psychanalyste Gérard Haddad. Paradoxalement, dans un monde antique esclavagiste, c’est un peuple d’esclaves affranchis qui porte l’étendard de cette proclamation et crée la semaine de sept jours qui rythme toujours nos calendriers. Il contribue donc à la structuration symbolique du temps et de l’espace. Le shabbat, temps libéré par Dieu, sanctifié, devient celui du plaisir (oneg) convivial de la table, mais aussi sexuel ; des plaisirs vécus enfin en pleine lumière et dans l’allégresse.",https://ec56229aec51f1baff1d-185c3068e22352c56024573e929788ff.ssl.cf1.rackcdn.com/attachments/large/2/0/4/001975204.jpg,Gérard Haddad,Salvator,Broché,9782706709463,978-2-7067-0946-3,09/07/8270,CONTROVERSES,182,20 x 13 x 0 cm,100 g,
De Gaulle ,"Chef des Français Libres, libérateur de la Patrie, fondateur de la Ve République, le général de Gaulle a eu un destin exceptionnel que cet album fait découvrir en s'appuyant sur des archives privées et publiques et en utilisant aussi des photographies inédites ou rares.  Condamné à mort et déchu de la nationalité française en 1940, Charles de Gaulle a incarné la  nation rassemblée de 1944 à 1946. Son retour à la tête du pays, en 1958, lui a permis d'achever la décolonisation en mettant fin à la guerre d'Algérie. Il a construit ensuite un pouvoir présidentiel s'appuyant sur le suffrage universel. Persuadé que faire de la politique c'est faire face aux réalités, il a défendu le droit des peuples à disposer d'eux-mêmes. Sa formation militaire et sa culture l'ont aidé à devenir un héros légendaire de l'Histoire de France dont le Mémorial affirme justement qu'il y a  « un pacte plusieurs fois séculaire entre la grandeur de la France et la liberté du monde ».",https://ec56229aec51f1baff1d-185c3068e22352c56024573e929788ff.ssl.cf1.rackcdn.com/attachments/large/0/8/0/004670080.jpg,Charles-Louis Foulon,Éditions Ouest-France ,Relié,9782737360343,978-2-7373-6034-3,09/07/8273,HISTOIRE - BIOG,143,24 x 18 x 1 cm,505 g,
Etudier Au Canada,"Le Canada dispose de l’un des meilleurs systèmes éducatifs au monde. À tous les niveaux, les formations et diplômes sont reconnus à l’international. Son système universitaire suit en majeure partie les modèles des États-Unis et du Royaume-Uni. Vous y trouverez une grande diversité de spécialisations et la possibilité de faire évoluer vos études, même en cours d'année.",https://ec56229aec51f1baff1d-185c3068e22352c56024573e929788ff.ssl.cf1.rackcdn.com/attachments/large/7/0/1/004651701.jpg,Marc McHugo,Studyrama,Broché,9782759027750,978-2-7590-2775-0,09/07/8284,VIVRE A L'ETRAN,300,24 x 17 x 1 cm,314 g,
Tous dehors !,Les espaces verts autour de votre maison ou dans votre ville sont autant de lieux où il est possible de s’éclater en famille tout en découvrant le plaisir d’être au grand air.,https://ec56229aec51f1baff1d-185c3068e22352c56024573e929788ff.ssl.cf1.rackcdn.com/attachments/large/1/3/5/008084135.jpg,Manon Luneau,LA SALAMANDRE,Broché,9782889583966,978-2-88958-396-6,07/01/2021,,,26 x 18 x 1 cm,470 g,
Bien connaître et comprendre mon cheval,Connaître le fonctionnement du corps et de l'esprit du cheval est fondamental pour entretenir une relation de confiance.,https://ec56229aec51f1baff1d-185c3068e22352c56024573e929788ff.ssl.cf1.rackcdn.com/attachments/large/5/5/7/005330557.jpg,Emmanuelle Brengard,Glénat Livres,Broché,9782344007792,978-2-344-00779-2,09/07/8234,Cheval Mag - Pratiques,160,25 x 19 x 1 cm,560 g,français
Le Paquebot Immobile,"D’une utopie à une dictature, il n’y a qu’un pas à franchir : le nouveau roman de Philippe Curval est-il vraiment une comédie, une farce philosophique ?",https://ec56229aec51f1baff1d-185c3068e22352c56024573e929788ff.ssl.cf1.rackcdn.com/attachments/large/5/5/6/008040556.jpg,Philippe Curval,La Volte,Broché,9782370490995,978-2-37049-099-5,15/10/2020,Littérature,,,,
Une japonaise à Paris,"Plus qu’une simple tendance initiée par les très populaires sushi, la cuisine japonaise est devenue une véritable référence au cœur du paysage culinaire français. Riche en nuances et en raffinement, cette cuisine fascine, avec ses ingrédients et ses techniques de préparation étrangers à nos coutumes. Kaori Endo, qui vit à Paris depuis plusieurs années, a su trouver parmi les étals de nos marchés traditionnels, les aliments lui permettant de cuisiner comme au Japon. C’est ce qu’elle nous apprend ici. Comment cuire le riz, assaisonner la viande ou encore préparer le bouillon essentiel (dashi) ou l’omelette traditionnelle (tamagoyaki). Elle livre ses secrets, techniques et ingrédients de substitution pour qu’en toute simplicité, ses petits plats retrouvent le vrai goût du Japon sans avoir à prendre un billet d’avion !Excellente cuisinière, Kaori Endo met un point d’honneur à concocter des plats raffinés avec des ingrédients simples. Sa connaissance de notre gastronomie et l’authenticité d’une cuisine japonaise qu’elle tient de ses ancêtres nous rendent des saveurs lointaines accessibles. Elle est à la tête des restaurants Nanashi, à Paris, où l’on déguste ses savoureux bentos.Photographe spécialisée dans les sujets culinaires et les natures mortes, Iris L. Sullivan travaille pour de grands titres de presse. Elle a signé les images de nombreux livres dont L’Art du saké, Maille et Diététique gourmande parus aux éditions de La Martinière.",https://ec56229aec51f1baff1d-185c3068e22352c56024573e929788ff.ssl.cf1.rackcdn.com/attachments/large/8/5/3/004353853.jpg,Kaori Endo,La Martinière,Relié,9782732477060,978-2-7324-7706-0,09/07/8280,CUISINE-GASTRO,160,24 x 20 x 1 cm,626 g,
Carnet de style so basic so chic,"Voici un cahier de style indispensable pour toutes celles qui veulent avoir les bons basiques dans leur dressing ! Jean, petite robe noire, chemise blanche, ballerines ou encore ce fameux trench, tout, vous saurez tout sur ces vêtements incontournables ! De leur histoire, aux icones chics qui les ont portés, en passant par des conseils morphologiques à ne pas oublier, ce guide pratique vous apprendra tout ce qu'il faut savoir sur un ton décalé et humoristique, mais toujours informatif. Vous y trouverez aussi des bonnes adresses et des idées de customisation. Un livre essentiel pour ne pas faire d'impair et comprendre pourquoi et comment toutes ces pièces maitresses ont traversé les époques et sont devenues incontournables !",https://ec56229aec51f1baff1d-185c3068e22352c56024573e929788ff.ssl.cf1.rackcdn.com/attachments/large/6/3/1/005478631.jpg,Emilie Albertini,Marabout,Broché,9782501130790,978-2-501-13079-0,09/07/8281,Vie Quotidienne,200,21 x 16 x 1 cm,470 g,français
N.É.O - T1 La Chute du Soleil de Fer,"Dans un monde où les adultes ont disparu, il existe deux refuges pour les deux bandes rivales qui ont survécu au cataclysme : le tipi et le château. Les uns chassent pour se nourrir, les autres vivent reclus et protégés. Bientôt, une étrange maladie fait peser un risque de famine sur le clan du tipi, le privant de ses proies. Et si ceux du château étaient à l’origine de cet empoisonnement ? L’heure de la confrontation est venue : la guerre entre les deux tribus peut-elle encore être évitée, alors que la nature est plus menacée que jamais ? Zyzo, l’espion au grand coeur du tipi, et Alixe, la reine du château, sauront-ils unir leurs forces pour déjouer les mystères, les intrigues et les trahisons ?",https://ec56229aec51f1baff1d-185c3068e22352c56024573e929788ff.ssl.cf1.rackcdn.com/attachments/large/7/3/9/007730739.jpg,Michel Bussi,Pocket Jeunesse,Broché,9782266306218,978-2-266-30621-8,10/2020,,512,22 x 14 x 3 cm,556 g,
Enquêtes aux jardins,"Emma et Lucas, désormais enquêteurs de la très secrète guilde des Jardins du Roi, suivent un entraînement très serré pour parfaire connaissances botaniques et aptitudes au combat.",https://ec56229aec51f1baff1d-185c3068e22352c56024573e929788ff.ssl.cf1.rackcdn.com/attachments/large/8/3/6/008011836.jpg,Guillaume Le Cornec,Éditions du Rocher,Broché,9782268103457,978-2-268-10345-7,02/09/2020,Jeunesse,200,20 x 13 x 2 cm,310 g,français
D.O.G,"Valérie Lavigne est de retour au sein du SPVM, la police de Montréal. Elle a repris ses enquêtes sur les disparitions de mineurs. Un soir, Criado, son chef, lui demande de le rejoindre en urgence. Une affaire qui hante Valérie Lavigne depuis plus de 30 ans est sur le point de refaire surface. Au même moment, Alicia Lavoie, 14 ans, disparaît dans une partie désaffectée du RESO, la fameuse ville souterraine de Montréal…",https://ec56229aec51f1baff1d-185c3068e22352c56024573e929788ff.ssl.cf1.rackcdn.com/attachments/large/4/1/3/007761413.jpg,Nathalie Bernard,Thierry Magnier,,9791035203665,979-10-352-0366-5,26/08/2020,,288,22 x 14 x 2 cm,410 g,
Gorilla girl,"Une comédie romantique pleine de punch et de pavés, loin des bluettes acidulées !",https://ec56229aec51f1baff1d-185c3068e22352c56024573e929788ff.ssl.cf1.rackcdn.com/attachments/large/9/5/8/007804958.jpg,Anne Schmauch,Sarbacane,Broché,9782377314690,978-2-37731-469-0,,EXPRIM',208,21 x 13 x 3 cm,470 g,
Le Diable parle toutes les langues,"Magnat de la presse, de la finance et du pétrole, ami et complice de tous les chefs d'Etat, mais également mécène de toutes les causes, son influence sur le monde a été aussi néfaste qu'invisible.",,Jennifer Richard,Albin Michel,Broché,9782226441201,978-2-226-44120-1,06/01/2021,A.M. ROM.FRANC,432,22 x 15 x 3 cm,518 g,français
Qui doit mourir ?,"On dirait le début d’une blague… La star du lycée, le super athlète, le meilleur élève, l’accro aux joints et le solitaire se retrouvent dans la même pièce. Ils ont été sélectionnés pour un dîner exclusif. Pour quoi ? Par qui ? La farce tourne au vinaigre. Au centre de la pièce se trouvent une bombe à retardement, une seringue de poison et le message suivant : vous avez une heure pour tuer l’un d’entre vous. Sans cela, vous périrez tous, dans cette pièce.",https://ec56229aec51f1baff1d-185c3068e22352c56024573e929788ff.ssl.cf1.rackcdn.com/attachments/large/8/3/5/007757835.jpg,Diana Urban,Albin Michel,Broché,9782226447241,978-2-226-44724-1,17/06/2020,A.M.ROMANS ADOS,320,23 x 14 x 3 cm,610 g,français
Showstealer,"Ben, Hoshiko, Greta et Jack sont en fuite depuis qu'ils ont détruit le Cirque de Silvio Sabatini. Lorsqu'ils sont finalement rattrapés, Ben se sacrifie afin de les sauver. Retombé entre les mains de Vivian Baine, sa redoutable mère, il est livré en pâture au nouveau Cirque de l'horreur, qui va bientôt rouvrir.",https://ec56229aec51f1baff1d-185c3068e22352c56024573e929788ff.ssl.cf1.rackcdn.com/attachments/large/0/9/5/008081095.jpg,Hayley Barker,Bayard Jeunesse,,9782747095075,978-2-7470-9507-5,10/06/2020,Littérature 14 ans et +,592,21 x 13 x 2 cm,508 g,français
Dune – Edition limitée,"Un roman incontournable, le chef d'œuvre de la science-fiction.",https://ec56229aec51f1baff1d-185c3068e22352c56024573e929788ff.ssl.cf1.rackcdn.com/attachments/large/0/5/6/008076056.jpg,Frank Herbert,Pocket,Poche,9782266307307,978-2-266-30730-7,10/2020,Pocket. Fantasy,,17 x 10 x 4 cm,460 g,
A contre-sens / Final,Le final très attendu de la saga passionnée entre Nick et Noah !,https://ec56229aec51f1baff1d-185c3068e22352c56024573e929788ff.ssl.cf1.rackcdn.com/attachments/large/8/7/0/007346870.jpg,Mercedes Ron,Hachette Romans,Broché,9782017108559,978-2-01-710855-9,06/2020,HORS-SERIES,306,22 x 14 x 2 cm,410 g,français
Le molosse surgi du soleil,"« Il est à moi, avait-il pensé en posant son doigt sur le déclencheur pour la première fois. Maintenant, il se demandait si ce n'était pas l'inverse. J'ai peur de lui. J'ai peur de ce qu'il fait. »",https://ec56229aec51f1baff1d-185c3068e22352c56024573e929788ff.ssl.cf1.rackcdn.com/attachments/large/0/6/3/007623063.jpg,Stephen King,Albin Michel,Broché,9782226450630,978-2-226-45063-0,03/06/2020,A.M.ROMANS ADOS,329,22 x 15 x 2 cm,392 g,français
Merveilles et Légendes de la Mer,"""La mer captive les Hommes… Qu’elle soit généreuse ou tempétueuse, ses humeurs inspirent les rêveurs. Une force indomptable qui depuis la nuit des temps, façonne les légendes...""",https://ec56229aec51f1baff1d-185c3068e22352c56024573e929788ff.ssl.cf1.rackcdn.com/attachments/large/4/3/4/007228434.jpg,Caroline Vannier,Au bord des continents,,9782370510839,978-2-37051-083-9,27/05/2020,B.CONTIN.DIVERS,168,23 x 16 cm,401 g,français
Sept redditions,"Année 2454. Dix milliards d’êtres humains se répartissent en sept Ruches ayant remplacé les États-nations d’antan. Paix, loisirs, prospérité et abondance définissent ce XXVe siècle aux atours d’utopie.  Pourtant, l’âge d’or dans lequel baigne l’humanité depuis trois cents ans touche peut-être à sa fin. Les Ruches coexistent selon un équilibre plus fragile que n’importe qui l’aurait cru, et seule une série de meurtres calculés avec précision maintient le statu quo politique. Le ver est dans le fruit, et avec lui la pourriture… Que faire ? Laisser perdurer l’inacceptable au bénéfice d’une paix de plus en plus friable ? Ou tout réformer ? Mycroft Canner, criminel condamné à une vie de servitude et confident des puissants, a en main l’atout à même de créer, pour peu que l’occasion se présente, les conditions d’un monde infiniment meilleur pour tous et à jamais. Un atout qui, s’il était mal utilisé, pourrait pourtant réduire en pièces tout ce qui existe…",https://ec56229aec51f1baff1d-185c3068e22352c56024573e929788ff.ssl.cf1.rackcdn.com/attachments/large/8/4/5/007623845.jpg,Ada Palmer,Le Bélial,Broché,9782843449628,978-2-84344-962-8,28/05/2020,Roman,544,20 x 14 x 4 cm,652 g,
Thunder 1,"L'adolescence d'Ilya tournait autour de vacances au soleil, cours d'Aïkido, d'écoles privées... et d'un père absent. Lorsque celui-ci meurt dans d'étranges conditions, le jeune russe est entraîné dans un tourbillon trouble : qui est donc cette grand-mère avec qui il doit désormais vivre, qu'il n'a jamais vue ? Alors qu'il essaie de s'intégrer et de trouver sa place dans cette nouvelle vie, lui et quatre autres élèves sont agressés par des étrangers masqués dans l'enceinte même du lycée.",,David S. Khara,ActuSF,Broché,9782376862444,978-2-37686-244-4,05/2020,NAOS,,21 x 15 x 2 cm,322 g,
Et Ta Vie M'Appartiendra,Et si votre plus cher désir risquait de vous tuer ?,https://ec56229aec51f1baff1d-185c3068e22352c56024573e929788ff.ssl.cf1.rackcdn.com/attachments/large/1/5/8/007434158.jpg,Gaël Aymon,Nathan,Broché,9782092591451,978-2-09-259145-1,19/03/2020,Court toujours,352,21 x 14 x 2 cm,346 g,
Les Héritiers d'Enkidiev,"L'heure du dernier combat a sonné pour les dieux des trois panthéons. Si Kimaati a l'avantage depuis qu'il a pris la forteresse d'An-Anshar, Onyx est prêt à tout pour récupérer son royaume. Pendant ce temps, Kira, elle, a divisé les Chevaliers d'Émeraude pour délivrer sa famille à An-Anshar. Devant tant d'obstacles, l'espoir prend alors la forme de Sappheirson, un dieu ailé qui a promis d'aider les Chevaliers. Mais cela suffira-t-il à faire plier le dieu du Panthéon d'Achéron ?",,Anne Robillard,MICHEL LAFON PO,Poche,9791022401715,979-10-224-0171-5,03/2020,,353,18 x 13 x 1 cm,228 g,
Profils,"Comme pour beaucoup d'adolescents, pour Maisie, le lycée c'est l'enfer. Chaque élève prend soin de lui rappeler tout ce qu’ils détestent chez elle, surtout son poids. Tout le monde y va de son commentaire. Tous les jours. Alors elle se réfugie dans le dessin, et sa passion pour les comics devient comme une bouée de sauvetage.",https://ec56229aec51f1baff1d-185c3068e22352c56024573e929788ff.ssl.cf1.rackcdn.com/attachments/large/4/5/4/007216454.jpg,Donna Cooner,Hachette Romans,Broché,9782017114185,978-2-01-711418-5,03/2020,Hors-séries,350,22 x 14 x 2 cm,340 g,français
La rédemption du temps / le problème à trois corps X,"En pleine guerre interstellaire, Yim Tianming s'est retrouvé en première ligne. Condamné par le cancer qui le ronge, il décide de mettre fin à ses jours mais l'humanité envoie dans l'espace son cerveau congelé, dans l'espoir qu'il puisse contrer la menace d'invasion trisolarienne. Capturé et torturé au-delà de toute mesure pendant des décennies, Yun finit par céder et accepte d'aider les aliens à subjuguer l'humanité pour sauver la Terre d'une destruction totale.",https://ec56229aec51f1baff1d-185c3068e22352c56024573e929788ff.ssl.cf1.rackcdn.com/attachments/large/0/9/4/007400094.jpg,Baoshu,Actes Sud,Broché,9782330133764,978-2-330-13376-4,03/2020,Exofictions,292,24 x 15 x 2 cm,388 g,
La comète / Le maître des archives,"Résumé: Six mois après sa rencontre brutale avec le Président, Isis ne sait toujours pas quel sort a été réservé à son mentor, l'érudit Truman. En explorant le refuge de celui-ci, elle trouve le journal dans lequel il a décrit les événements qui ont mené à son arrestation. Une série de révélations lance la jeune fille dans une véritable quête qui l'amènera à découvrir ce que le Maître des archives appelle la «Source de Vérité».",https://ec56229aec51f1baff1d-185c3068e22352c56024573e929788ff.ssl.cf1.rackcdn.com/attachments/large/9/5/1/006943951.jpg,Yaël Lipsyc,Kennes Editions,Broché,9782875807892,978-2-87580-789-2,02/2020,KE.ROMANS ADO,372,23 x 15 x 2 cm,472 g,français
L'Asile du Nord : William,"Résumé: Au cours de l'été 1991, une série d'incendies éclatent aux quatre coins de la ville de Malartic. Des corps d'enfants sont retrouvés à l'intérieur des résidences incendiées, mais personne ne sait comment ils ont atterri là. Rapidement, les Malarticois sont terrifiés, les gamins désertent les parcs, plus personne n'ose laisser son enfant sortir. Marie-Hélène et Mylène ont peur que leurs frères et soeurs soient les prochaines victimes. Mais ce qu'elles ignorent, c'est que ce qui les guette est bien plus dangereux qu'un pyromane...",https://ec56229aec51f1baff1d-185c3068e22352c56024573e929788ff.ssl.cf1.rackcdn.com/attachments/large/7/0/6/007242706.jpg,Carine Paquin,Kennes Editions,Broché,9782875807878,978-2-87580-787-8,02/2020,KE.ROMANS ADO,360,23 x 15 x 2 cm,450 g,français
La Fille et le fusil,"Lou s'est toujours sentie invisible aux yeux des autres. Elle vit loin du village, avec sa mère et sa grand-mère, près d'une route que jamais personne n'emprunte. Au lycée, elle n'a pas d'ami et subit les brimades de ses camarades. Lou ne rêve que d'une chose : qu'on vienne la chercher. Elle voudrait partir, découvrir Paris, s'envoler vers de nouveaux horizons. Elle voudrait qu'on la voie, tout simplement.",https://ec56229aec51f1baff1d-185c3068e22352c56024573e929788ff.ssl.cf1.rackcdn.com/attachments/large/9/1/6/007198916.jpg,Caroline Solé,Albin Michel,Broché,9782226435972,978-2-226-43597-2,29/01/2020,A.M.ROMANS ADOS,224,15 x 21 x 2 cm,300 g,français
"Percy Jackson et les secrets de l'Olympe / Apollon et Artémis, les jumeaux terribles",Tu veux tout savoir sur les dieux et les héros grecs ?,https://ec56229aec51f1baff1d-185c3068e22352c56024573e929788ff.ssl.cf1.rackcdn.com/attachments/large/4/9/0/007228490.jpg,Rick Riordan,Albin Michel,Broché,9782226448132,978-2-226-44813-2,29/01/2020,A.M.ROMANS ADOS,144,21 x 14 x 1 cm,266 g,français
Terre Errante,"""Je n'avais jamais vu la nuit. Je n'avais jamais vu les étoiles. Je n'avais jamais vu le printemps, ni l'automne, ni l'hiver. Je suis né à la fin de l’Ère du freinage. La Terre venait tout juste d'arrêter de tourner."" Lorsque les astrophysiciens découvrent que la conversion de l'hydrogène en hélium s'est accélérée à l'intérieur du Soleil, ils comprennent que notre étoile est sur le point de se transformer en une géante rouge qui absorbera de manière inéluctable la Terre. Pour contrer cette extinction programmée de l'humanité, les nations se regroupent pour mettre en branle un projet d'une ambition folle : élaborer des moteurs gigantesques afin de transformer la planète bleue en véritable vaisseau spatial et de l'emmener à la recherche d'une nouvelle étoile...",https://ec56229aec51f1baff1d-185c3068e22352c56024573e929788ff.ssl.cf1.rackcdn.com/attachments/large/3/2/8/007184328.jpg,Cixin Liu,Actes Sud,Broché,9782330130534,978-2-330-13053-4,15/01/2020,Exofictions,96,19 x 10 x 0 cm,62 g,
Aru Shah et le royaume Naga - tome 2,"Alors qu'Aru commence juste à comprendre son nouveau statut de Pandava, le monde des dieux est en proie au chaos. Quelqu'un a volé l'arc et les flèches du dieu de l'amour, et apparemment, ce n'est pas pour jouer les cupidons... Au contraire, il transforme ses victimes en zombies assoiffés de violence ! Pire encore, Aru est accusée du vol. Si elle ne met pas la main sur la flèche d'ici la prochaine lune, elle sera exclue du monde des dieux.",https://ec56229aec51f1baff1d-185c3068e22352c56024573e929788ff.ssl.cf1.rackcdn.com/attachments/large/2/6/6/007130266.jpg,Roshani Chokshi,Albin Michel,Broché,9782226440846,978-2-226-44084-6,02/01/2020,A.M.ROMANS ADOS,400,22 x 14 x 2 cm,452 g,français
Les Royaumes de feu,"Loin de Pyrrhia existe un continent nommé Pantala, où vivent en harmonie Ailes de Soie et Ailes de Guêpe. Les redoutables ailes de Feuilles ont disparu de Pantala depuis longtemps. C'est ce qu'a toujours pensé le jeune Blue. Mais le dragonnet et sa sœur Selena sont en danger. Et leurs ennemis ne sont peut-être pas ceux qu'ils croient.",https://ec56229aec51f1baff1d-185c3068e22352c56024573e929788ff.ssl.cf1.rackcdn.com/attachments/large/0/8/3/007228083.jpg,Tui T. Sutherland,Gallimard Jeunesse,Broché,9782075130349,978-2-07-513034-9,03/01/2020,ROMANS JUNIOR E,416,20 x 14 x 2 cm,468 g,
"Iskari, 2 - Le Combat Des Ames Soeurs","Roa, héritière de la maison des chants et reine de Firgaard, a juré de défendre le peuple de la Terre des Brousses. Elle a levé une armée pour le jeune roi Dax en échange de son soutien. Mais son époux manque à sa parole. Roa se sent trahie et isolée alors que le lien magique qui l'unit à sa soeur faiblit. Seul le couteau de la Tisseuse de Ciel, une légende ancienne, pourrait l'aider à sauver à la fois sa soeur et son peuple...",https://ec56229aec51f1baff1d-185c3068e22352c56024573e929788ff.ssl.cf1.rackcdn.com/attachments/large/1/7/8/007236178.jpg,Kristen Ciccarelli,Gallimard Jeunesse,Broché,9782075082808,978-2-07-508280-8,03/01/2020,ROMANS ADO ETRA,400,23 x 16 x 3 cm,634 g,
Harry Potter Et Le Prisonnier D'Azkaban - Gryffondor,"Sirius Black, un dangereux criminel, s'est échappé de la prison d'Azkaban et recherche Harry Potter. C'est donc sous bonne garde que l'apprenti sorcier fait sa troisième rentrée. Au programme: des cours de divination, la fabrication d'une potion de ratatinage, le dressage des hippogriffes... Mais Harry est-il vraiment à l'abri du danger qui le menace?",https://ec56229aec51f1baff1d-185c3068e22352c56024573e929788ff.ssl.cf1.rackcdn.com/attachments/large/2/7/8/007303278.jpg,J. K. Rowling,Gallimard Jeunesse,Broché,9782075117746,978-2-07-511774-6,2020,ROMANS ADO ETRA,496,21 x 14 x 3 cm,618 g,
Harry Potter Et Le Prisonnier D'Azkaban - Poufsouffle,De J. K. Rowling,https://ec56229aec51f1baff1d-185c3068e22352c56024573e929788ff.ssl.cf1.rackcdn.com/attachments/large/2/7/7/007303277.jpg,J. K. Rowling,Gallimard Jeunesse,Broché,9782075117593,978-2-07-511759-3,2020,ROMANS ADO ETRA,485,20 x 13 x 3 cm,632 g,
Sword art online,"« Ce jeu est impossible à terminer. La seule chose qui nous différencie, c’est la façon dont nous mourrons. » Un mois s’est écoulé depuis que le jeu de la mort Sword Art Online a ouvert ses portes et emprisonné dix mille âmes. Kirito, un joueur solo qui s’est juré de ne penser qu’à son amélioration personnelle, va faire la rencontre d’une figure rare sur les lignes de front : une joueuse. Cette fille qui enchaîne les combats contre de redoutables monstres à la seule force de sa rapière a tout d’une étoile filante transperçant le ciel nocturne. Plongez à la conquête de la forteresse volante d’Aincrad, l’épopée originelle de Sword Art Online !",https://ec56229aec51f1baff1d-185c3068e22352c56024573e929788ff.ssl.cf1.rackcdn.com/attachments/large/0/3/6/007158036.jpg,Reki Kawahara,OFELBE,Broché,9782373020700,978-2-37302-070-0,21/11/2019,,400,22 x 15 x 2 cm,472 g,
L'ange rouge,"À la nuit tombée, un radeau entre dans Lyon porté par les eaux noires de la Saône. Sur l’embarcation,  des torches enflammées, une croix de bois, un corps mutilé et orné d’un délicat dessin d’orchidée. Le crucifié de la Sâone, macabre et fantasmatique mise en scène, devient le défi du commandant Alain Dubak et de son équipe de la police criminelle. Six enquêteurs face à l’affaire la plus spectaculaire qu’ait connu la ville, soumis à l’excitation des médias, acculés par leur hiérarchie à trouver des réponses. Vite. S’engage alors une course contre la montre pour stopper un tueur qui les contraindra à aller à l’encontre de toutes les règles et de leurs convictions les plus profondes. Porté par la plume brillante et explosive de François Médéline, L’Ange rouge invite son lecteur à une plongée hallucinée parmi les ombres de la ville et les âmes blessées qui  s’y débattent.",https://ec56229aec51f1baff1d-185c3068e22352c56024573e929788ff.ssl.cf1.rackcdn.com/attachments/large/2/1/8/007756218.jpg,François Médéline,Manufacture de livres,Broché,9782358876964,978-2-35887-696-4,,Littérature,384,20 x 14 x 3 cm,528 g,
Les amours de Lara Jean / la trilogie,"Très gros succès en librairie, le premier tome de la trilogie de Jenny Han : À tous les garçons que j'ai aimés est entré dans la liste des best-sellers du New York Times. Il a également été adapté en film, diffusé sur Netflix. Propulsé en tête des titres les plus regardés en seulement quelques semaines, le deuxième volet est actuellement en tournage. Les trois romans proposés dans un joli coffret feront le bonheur des fans de rom-com. Lara Jean conserve précieusement des lettres dans une boîte à chapeau que sa mère lui a donné. Ce sont des lettres d'adieu qu'elle adresse aux cinq garçons qui ont fait battre son coeur. Elle leur a écrit ce qu'elle ne leur dira jamais, elle révèle ses pensées les plus intimes, elle se livre tout entière pour cesser d'être amoureuse, pour mettre un terme à sa passion dévorante. Mais un jour, Lara découvre que ces missives qui devaient restées cachées ont toutes été postées. Plongée dans l'embarras, la situation devient vite hors de contrôle. Et si plutôt qu'un drame, cette révélation était la chance de sa vie ?",https://ec56229aec51f1baff1d-185c3068e22352c56024573e929788ff.ssl.cf1.rackcdn.com/attachments/large/5/3/7/006974537.jpg,Jenny Han,Panini,Broché,9782809482898,978-2-8094-8289-8,13/11/2019,PAN.ROMANS,380,18 x 11 x 9 cm,846 g,français
Flocons d'amour Tie-In,"24 décembre. Nuit des miracles ? Ou des catastrophes ? Une terrible tempête, un train bloqué dans la neige. Gracetown : tous les voyageurs descendent ! Gracetown… Bourgade perdue au milieu de nulle part qui vous ferait presque regretter le traditionnel et soporifique repas de Noël. Pourtant Jed, Jubilé, et les autres vont partager le réveillon le plus insolite de leur vie. Dans un café bondé de pom-pom girls ou au détour d’une route enneigée, les rencontres inattendues se multiplient. Les couples se font, se défont et se refondent. Louvoyant entre les flocons, les flèches de Cupidon qui pleuvent sur la ville ne laisseront personne de glace ! John Green, Maureen Johnson, Lauren Myracle : les plumes de trois grands auteurs s’allient pour vous faire rire et rêver d’amour, créant un univers où les anges de Noël ne chôment pas !",https://ec56229aec51f1baff1d-185c3068e22352c56024573e929788ff.ssl.cf1.rackcdn.com/attachments/large/9/3/2/007023932.jpg,John Green,Hachette Romans,Broché,9782017028420,978-2-01-702842-0,13/11/2019,Hors-séries,345,22 x 14 x 3 cm,428 g,français
Le Passeur d'ombres,"Tristan et Dylan ont réchappé de l'au-delà, mais ils n'ont pas le droit de vivre. Dylan aurait dû mourir dans un terrible accident de train. Tristan est un Passeur d'ombres, un être immortel.",https://ec56229aec51f1baff1d-185c3068e22352c56024573e929788ff.ssl.cf1.rackcdn.com/attachments/large/8/8/2/007169882.jpg,Claire McFall,Michel Lafon,Broché,9782749937069,978-2-7499-3706-9,14/11/2019,,,22 x 14 x 2 cm,400 g,
Thorngrove,Thorngrove. Sa forêt d'épines. Son manoir abandonné. Sa légende noire. Ses jumelles maudites.,https://ec56229aec51f1baff1d-185c3068e22352c56024573e929788ff.ssl.cf1.rackcdn.com/attachments/large/6/6/2/007017662.jpg,Cécile Guillot,LYNKS,Broché,9791097434373,979-10-97434-37-3,10/10/2019,,,22 x 14 x 2 cm,333 g,
Vengeful - Vol02,"Cinq ans après leur affrontement, c'est désormais Victor qui se promène en liberté après avoir payé le prix fort pour sa résurrection en tant qu'homme aux pouvoirs extraordinaires, et Eli qui végète dans la prison d'Eon. De plus, Marcella Riggins arrive à Merit, revenue d'entre les morts et bien décidée à se venger de son assassin.",https://ec56229aec51f1baff1d-185c3068e22352c56024573e929788ff.ssl.cf1.rackcdn.com/attachments/large/5/5/0/006955550.jpg,Victoria Schwab,LUMEN,Broché,9782371022515,978-2-37102-251-5,03/10/2019,,,23 x 14 x 4 cm,766 g,
Un Palais De Glace Et De Lumiere,"Depuis la fin de la guerre qui a ébranlé Prythian, Feyre, Rhysand et leurs fidèles amis s'attachent à reconstruire la Cour de la Nuit.",https://ec56229aec51f1baff1d-185c3068e22352c56024573e929788ff.ssl.cf1.rackcdn.com/attachments/large/5/5/3/006955553.jpg,Sarah J. Maas,La Martinière Jeunesse,Broché,9782732490762,978-2-7324-9076-2,03/10/2019,Fiction,336,21 x 14 x 2 cm,360 g,
Chloé des Loups,Brise d’abord tes chaînes si tu veux choisir ta vie !,https://ec56229aec51f1baff1d-185c3068e22352c56024573e929788ff.ssl.cf1.rackcdn.com/attachments/large/1/0/2/006975102.jpg,Alexandra  Ughetto,Robert Laffont,Broché,9782221240403,978-2-221-24040-3,10/2019,COLLECTION R,448,22 x 14 x 3 cm,432 g,
Predestinee,"Depuis que le Royaume-uni a quitté l'Europe et fermé ses frontières, le pays a sombré dans la crise et le mécontentement gronde. Les manifestations se multiplient et la jeunesse est pointée du doigt : dorénavant, les mineurs seront soumis au couvre-feu et privés de liberté. Ceux qui désobéissent seront jugés ; les plus virulents seront condamnés à mort.",https://ec56229aec51f1baff1d-185c3068e22352c56024573e929788ff.ssl.cf1.rackcdn.com/attachments/large/7/7/8/006933778.jpg,Teri Terry,La Martinière Jeunesse,Broché,9782732490724,978-2-7324-9072-4,19/09/2019,Fiction,384,21 x 14 x 3 cm,472 g,
Ceux qui ne peuvent pas mourir / la bête de Porte-Vent,"France, 1887. Gabriel Votz travaille pour une puissante confrérie occulte qui traque les humains maudits et transformés en créatures diaboliques. Il est en mission en Bretagne, dans un village frappé par de nombreux meurtres particulièrement atroces, accompagné par Rose, une adolescente têtue et encombrante qui en sait beaucoup trop. Premier roman.",https://ec56229aec51f1baff1d-185c3068e22352c56024573e929788ff.ssl.cf1.rackcdn.com/attachments/large/8/6/8/006931868.jpg,Karine Martins,Gallimard Jeunesse,Broché,9782075124133,978-2-07-512413-3,12/09/2019,Grand format littérature - Romans Junior,360,22 x 15 x 2 cm,476 g,français
La Mélansire,"Avery aimait Nolan, à la folie. Et puis un jour, Nolan l'a quittée et Avery ne s'en est jamais vraiment remise. Un soir, sa meilleure amie lui porte le coup de grâce : c'est avec elle que Nolan l'a trompée et cela fait maintenant près d'un an qu'ils sont ensemble. Ravagée par la douleur, Avery se rend sur le Pont Neuf. Elle ne veut pas mourir, seulement atténuer sa souffrance. Mais quelle est cette lumière qui, au fond de l'eau, l'appelle ? Avery ne réfléchit plus et se jette dans le vide. À son réveil, elle découvre une cité fantastique peuplée par les « Mélansires » : des gens qui, comme elle, ont perdu tout espoir et ont juré d'éradiquer l'amour de la surface de la Terre. Parce qu'elle a plongé dans la Seine, Avery fait désormais partie des leurs. Elle doit renoncer à ses émotions et se rallier à leur cause. Mais est-ce vraiment ce que recherche Avery ?",https://ec56229aec51f1baff1d-185c3068e22352c56024573e929788ff.ssl.cf1.rackcdn.com/attachments/large/6/3/9/007171639.jpg,Estelle Fitz,Albin Michel,Broché,9782226442543,978-2-226-44254-3,04/09/2019,A.M.ROMANS ADOS,224,22 x 14 x 2 cm,336 g,français
Comme Des Images ,"« Il était une fois… des ados sages comme des images, dans un très prestigieux lycée. L’histoire commence le jour où Léopoldine a cassé avec Timothée pour Aurélien. Ou bien le jour où Tim a envoyé un mail avec des images de Léo à tout le monde.",https://ec56229aec51f1baff1d-185c3068e22352c56024573e929788ff.ssl.cf1.rackcdn.com/attachments/large/0/6/5/006857065.jpg,Clémentine Beauvais,Sarbacane,Broché,9782377312894,978-2-37731-289-4,04/09/2019,EXPRIM',204,21 x 13 x 1 cm,260 g,
La Plus belle fille du monde,"« – Les enfants, je vous présente, Liouba Gogol, a dit M. Dubeuf au moment où elle pénétrait dans la salle. Personne n’a ri. C’était comme si une averse de neige s’était soudain abattue sur la salle. J’ai pensé à toutes les fois où j’avais traité Djézone de gogol et j’ai eu honte. Je n’étais pas la seule. Nous étions collectivement victimes d’un retournement de sens. À partir de cette seconde, gogol ne voulait plus dire débile, ça voulait dire un mètre soixante-dix, un visage en triangle, des joues roses, des yeux verts, un chignon blond à moitié défait, une bouche très rouge et de longues mains de pianiste. » Dès l’instant où la plus belle fille du monde débarque dans sa classe, Sandra, la narratrice de cette histoire, sait que plus rien ne sera comme avant…",https://ec56229aec51f1baff1d-185c3068e22352c56024573e929788ff.ssl.cf1.rackcdn.com/attachments/large/5/9/0/006864590.jpg,Agnès Desarthe,École des Loisirs,Poche,9782211304863,978-2-211-30486-3,04/09/2019,Médium Poche,160,19 x 13 x 1 cm,180 g,
Eden,"Avoir un coin à elle, rien qu’à elle, Ruby en rêvait. Alors, pourquoi ne pas annexer le cagibi, tout près de son lit ? Adossée à la planche à repasser, à l’abri de sa chipie de sœur, elle peut enfin lire, écouter de la musique, chiller… Sauf ce soir ! A peine installée, Ruby a senti une bourrasque et s’est retrouvée assise au bord d’une clairière. Comment ? Mystère. Si c’est un rêve, c’est hyper réaliste. Ça sent bon par ici, un parfum de fleurs invisibles et de feuilles fraîches. Ruby aperçoit même, à côté d'une jolie maison éclairée par la lune, un garçon et une fille qui s’embrassent comme s’ils étaient seuls au monde. D’ailleurs ils le sont puisqu’elle n’appartient pas à leur monde. Car elle va bien finir par se réveiller, non ?",https://ec56229aec51f1baff1d-185c3068e22352c56024573e929788ff.ssl.cf1.rackcdn.com/attachments/large/2/3/0/006702230.jpg,Rebecca Lighieri,École des Loisirs,Broché,9782211304788,978-2-211-30478-8,04/09/2019,MEDIUM+,208,22 x 15 x 1 cm,298 g,
Dans l'antre du monstre,"À vingt-trois ans, Taylor Dawson débarque à Baltimore pour réaliser son rêve : travailler en tant qu'équithérapeute au centre Healing Hearts et aider les enfants victimes de traumatismes. Mais Taylor est aussi en quête de sa propre histoire. Son père, le détective Clay Maynard, qu'elle n'a jamais revu depuis qu'elle était tout bébé, travaille également à Healing Hearts. Lorsque Taylor est amenée à s'occuper de deux fillettes dont la mère a été brutalement assassinée, elle découvre Clay sous un autre jour et fait la connaissance de Ford Elkhart, dont le regard la hante. Mais au moment où Taylor se sent enfin prête à recommencer sa vie, une terrible menace surgit de l'ombre, lui révélant le vrai visage du mal.",https://ec56229aec51f1baff1d-185c3068e22352c56024573e929788ff.ssl.cf1.rackcdn.com/attachments/large/8/9/9/007448899.jpg,Karen Rose,HarperCollins,Poche,9791033906636,979-10-339-0663-6,03/06/2020,HarperCollins Poche,576,17 x 10 x 2 cm,298 g,français
"Campus, Tome 01","À quinze ans, Reed Brennan fait sa rentrée en classe de seconde à la prestigieuse académie d'Easton ; le meilleur moyen d'échapper à un quotidien sinistre et une mère accro aux médicaments. Un nouvel univers s'ouvre à elle, différent de ce qu'elle avait imaginé : sur le superbe campus, tout n'est que luxe et raffinement. Reed la boursière se sent exclue.",https://ec56229aec51f1baff1d-185c3068e22352c56024573e929788ff.ssl.cf1.rackcdn.com/attachments/large/3/1/7/007466317.jpg,Kate Brian,Bayard Jeunesse,,9791036309496,979-10-363-0949-6,21/08/2019,Campus,330,18 x 12 x 2 cm,312 g,français
Fraternidad,"Devon du Sud, Angleterre, 2019. Ed Perry est un tocard. C'est l'avis de sa soeur, de sa mère, de Cliff, de Chloé, du lycée. Mais Ed Perry a un secret. Tous les vendredis soirs, il loue un cheval, déterre son épée et chevauche dans les bruyères. Puis il attend le prochain vendredi soir. Et puis un jour, il décide d’abandonner une fois pour toutes le désastreux réel. Et c’est donc ce qu’il s’emploie à faire : monter son propre gang de rêveurs venus des quatre coins d’Europe, dans un envol de chapeaux à plumes, de masques et de rapières.",https://ec56229aec51f1baff1d-185c3068e22352c56024573e929788ff.ssl.cf1.rackcdn.com/attachments/large/0/6/6/006722066.jpg,Thibault  Vermot ,Sarbacane,Broché,9782377312733,978-2-37731-273-3,21/08/2019,EXPRIM',624,22 x 14 x 4 cm,682 g,
Toxic Girls,"AVANT. Elles sont quatre, Bex, Jenni, Ellory, et Ret. Quatre filles populaires, survoltées, volontaires, à l'avenir étincelant ; le système solaire dans lequel Ellory a enfin trouvé sa place, juste derrière Ret, leur soleil.MAINTENANT. Ellory est seule. Le groupe d'amies autrefois soudé a explosé, déchiré par les secrets, les trahisons, la déception, et l'événement qui a bouleversé leurs vies.",https://ec56229aec51f1baff1d-185c3068e22352c56024573e929788ff.ssl.cf1.rackcdn.com/attachments/large/7/8/3/006685783.jpg,Christine Frick,Bayard Jeunesse,Broché,9782747088480,978-2-7470-8848-0,21/08/2019,Littérature 14 ans et +,368,21 x 13 x 1 cm,396 g,français
Imaginez,"Inspiré par l’émission du même nom diffusée sur Arte, Imaginez ! explore avec brio et humour des thèmes universels tels que la vie en société, l’identité, la sagesse, la vérité, le langage, la mort ou encore la justice, dans des récits qui dialoguent idéalement avec les illustrations de Chen Jiang Hong. Entre profondeur et légèreté, ces courtes histoires philosophiques aident à vivre et à penser différemment le quotidien.",https://ec56229aec51f1baff1d-185c3068e22352c56024573e929788ff.ssl.cf1.rackcdn.com/attachments/large/2/5/8/006702258.jpg,Raphaël Enthoven,École des Loisirs,Relié,9782211301510,978-2-211-30151-0,21/08/2019,MEDIUM,95,22 x 15 x 1 cm,284 g,
À la tombée du ciel,"Cela aurait pu être une météorite annonçant la fin du monde. Mais ce sont des anges qui ont commencé à tomber du ciel. Face à ce phénomène, chacun réagit à sa manière. Pour Jaya, 16 ans, difficile de ne pas y voir un signe : sa mère est morte quelques jours plus tôt. Entre ce deuil et un père obsédé par l'idée d'attraper un ange, elle n’arrive pas à faire la paix avec elle-même. Lorsqu'un ange croise sa route, elle va devoir se reconstruire et réapprendre à faire confiance.",https://ec56229aec51f1baff1d-185c3068e22352c56024573e929788ff.ssl.cf1.rackcdn.com/attachments/large/2/4/1/006673241.jpg,Sophie Cameron,Nathan,Broché,9782092577578,978-2-09-257757-8,11/07/2019,Court toujours,320,22 x 15 x 2 cm,384 g,
The rest of the story,"Un lac mystérieux, une famille oubliée,",https://ec56229aec51f1baff1d-185c3068e22352c56024573e929788ff.ssl.cf1.rackcdn.com/attachments/large/4/0/4/006540404.jpg,Sarah Dessen,Lumen,Broché,9782371022355,978-2-37102-235-5,27/06/2019,,,23 x 14 x 3 cm,606 g,
Coup de cœur,«Je vous présente Kristina: 14 ans‚ 1 mètre 60‚ des yeux verts‚ de longs cheveux bruns soyeux‚ trop belle‚ trop intelligente‚ trop la classe. La fille parfaite.,https://ec56229aec51f1baff1d-185c3068e22352c56024573e929788ff.ssl.cf1.rackcdn.com/attachments/large/1/1/9/006327119.jpg,Patrick Delperdange,Mijade,Broché,9782874231070,978-2-87423-107-0,13/06/2019,Zone J,288,18 x 13 x 1 cm,334 g,
Traquée,Son crime : se battre pour la liberté.,,Nicolas Pitz,Glénat BD,Relié,9782344034491,978-2-344-03449-1,21/10/2020,Bio-Graphic,152,26 x 20 x 1 cm,716 g,français
Enquêtes aux jardins,"Emma et Lucas, habitués infatigables du Jardin des Plantes de Nantes, voient leur univers bousculé lorsqu'un milliardaire du web décide d'y programmer le lancement d'une nouvelle application botanique révolutionnaire. C'est le moment que choisit leur vieil ami, Jean-Marie James Écolloyd pour... disparaître corps et âme ! Les deux adolescents se lancent bille en tête à sa recherche, avançant sans le savoir vers les mâchoires acérées d'un vaste complot international.",https://ec56229aec51f1baff1d-185c3068e22352c56024573e929788ff.ssl.cf1.rackcdn.com/attachments/large/3/7/1/006665371.jpg,Romain Veilletet,Editions du Rocher,Broché,9782268101835,978-2-268-10183-5,05/06/2019,Jeunesse,200,20 x 13 x 1 cm,240 g,français
Stranger Things,"Dans ce prequel à la série emblématique Netflix, vous découvrez l’histoire de Max Mayfield avant son arrivée dans l’étrange ville d’Hawkins lors de la saison 2.",https://ec56229aec51f1baff1d-185c3068e22352c56024573e929788ff.ssl.cf1.rackcdn.com/attachments/large/2/4/2/006502242.jpg,Brenna Yovanoff,Hachette Romans,Broché,9782016212462,978-2-01-621246-2,05/06/2019,Films-séries TV,306,22 x 14 x 2 cm,344 g,français
Acid summer,« Trois jours de paix et de musique »,https://ec56229aec51f1baff1d-185c3068e22352c56024573e929788ff.ssl.cf1.rackcdn.com/attachments/large/0/5/5/006481055.jpg,Christophe Lambert,Editions Milan,Broché,9782408009267,978-2-408-00926-7,05/06/2019,Littérature ado,250,23 x 16 x 1 cm,322 g,français
Cogito,Un don du ciel…,https://ec56229aec51f1baff1d-185c3068e22352c56024573e929788ff.ssl.cf1.rackcdn.com/attachments/large/2/3/6/007615236.jpg,Victor Dixen,R-jeunes adultes,Broché,9782221241721,978-2-221-24172-1,29/05/2019,,537,22 x 14 x 4 cm,576 g,
Riverdale / Get out of town,"Archie est accusé de meurtre. Betty, Veronica et Jughead savent qu'il est victime d'un coup monté par Hiram Lodge, mais comment faire éclater la vérité ? La bande d'amis élabore un ultime plan pour prouver l'innocence d'Archie. Ils doivent retourner sur la scène de crime. Shadow Lake. Mais de nombreux dangers rôdent dans la forêt aux abords du chalet des Lodge. Trouveront-ils les preuves qui blanchiront Archie ? Et, surtout, en sortiront-ils vivants ?",https://ec56229aec51f1baff1d-185c3068e22352c56024573e929788ff.ssl.cf1.rackcdn.com/attachments/large/8/4/5/006494845.jpg,Micol Ostow,Hachette Romans,Broché,9782016212363,978-2-01-621236-3,29/05/2019,Films-séries TV,252,21 x 13 x 2 cm,304 g,français
Bakemonogatari - Légendes chimériques : Livre 1,"Koyomi Araragi est un lycéen un peu particulier  : mordu par une vampire âgée de 500 ans, il doit composer avec des capacités hors du commun qui le rendent, malgré lui, sensible aux phénomènes surnaturels… Un jour, il rattrape Hitagi, une de ses camarades de classe, alors qu’elle chutait dans les escaliers. Quelle n’est pas sa surprise quand il découvre qu'elle ne pèse pratiquement rien  ! Très vite, Koyomi réalise qu’une entité chimérique a pris possession de la jeune fille  et qu’il va devoir lui  venir en aide…",https://ec56229aec51f1baff1d-185c3068e22352c56024573e929788ff.ssl.cf1.rackcdn.com/attachments/large/0/0/5/006323005.jpg,NisiOisiN,Pika Roman,Broché,9782376320333,978-2-37632-033-3,15/05/2019,Pika Roman,334,22 x 14 x 2 cm,428 g,français
Gardiens des cités perdues - Tome 5,"Après un passage par Exillium, l'école réservée aux bannis, Sophie et ses amis sont de retour à l'académie Foxfire. Les nouveaux membres du Cygne Noir sont cependant en danger et les Invisibles multiplient les attaques contre les Cités perdues. Tandis que la tension monte avec les ogres, Sophie et sa troupe tentent d'en savoir davantage sur le plan de l'ennemi, le « Projet Polaris ». Un étrange symbole semble en être la clé et il serait lié à… Keefe !",https://ec56229aec51f1baff1d-185c3068e22352c56024573e929788ff.ssl.cf1.rackcdn.com/attachments/large/0/5/9/006491059.jpg,Shannon Messenger ,Pocket Jeunesse,Poche,9782266293815,978-2-266-29381-5,16/05/2019,Pocket junior,640,18 x 11 x 2 cm,342 g,
Avant Le labyrinthe - tome 4,"Treize ans avant que Thomas entre dans le Labyrinthe, une éruption solaire touche la Terre. Mark et Trina survivent à cette catastrophe, mais une autre épreuve les attend. Une étrange épidémie se répand aux États-Unis, frappant de folie ceux qu'elle atteint. C'est l'existence de l'espèce humaine qui est désormais menacée ! Convaincus qu'il existe un remède, Mark et Trina vont tout faire pour le trouver… s'ils parviennent à rester en vie. Car dans ce monde dévasté, certains préfèrent tuer pour que personne ne découvre la vérité.",https://ec56229aec51f1baff1d-185c3068e22352c56024573e929788ff.ssl.cf1.rackcdn.com/attachments/large/9/8/1/006490981.jpg,James Dashner,Pocket Jeunesse,Poche,9782266296960,978-2-266-29696-0,16/05/2019,Pocket junior,448,18 x 11 x 2 cm,232 g,
L'explorateur,"Depuis son siège à bord d'un petit avion, Fred observe la mystérieuse forêt amazonienne s'étendre à perte de vue. Il rêve de devenir explorateur, de voir son nom figurer parmi ceux des grands aventuriers. Quand l'avion percute la cime des arbres, Fred se retrouve seul, au cœur de la jungle immense et sauvage, avec trois autres enfants, Connie, Max et Lila. Quelles sont leurs chances de survie si personne n'est à leur recherche ? Ils ont pourtant le sentiment d'une présence. Quelqu'un était-il là avant eux ?",https://ec56229aec51f1baff1d-185c3068e22352c56024573e929788ff.ssl.cf1.rackcdn.com/attachments/large/8/2/1/006529821.jpg,Katherine Rundell,Gallimard Jeunesse,Broché,9782070599844,978-2-07-059984-4,16/05/2019,Grand format littérature - Romans Junior,416,21 x 14 x 3 cm,454 g,français
